분야,질문명,등록일,답변제목,답변등록일,답변등록자,답변내용
노사협력(노사·근로),복수노조 단체협약 효력 적용 관련 질의,2011-05-06 17:34:40.0,   [답변] 복수노조 단체협약 효력 적용 관련 질의,2011-05-11 13:28:01.0,김호병,"질문 사안을 정리하면 택시회사(상시 근로자수 100명)에 산별 노조지회가 설립되어 있는데 그 노조의 조합원 일부가 탈퇴하여 별도로 산별 노조지회를 설립하여 현재 기존 A노조지회(조합원 80명)와 신설 B노조지회(조합원 20명)가 양립된 상태입니다.   당해 사업장에 A노조지회가 설립되어 있는 상태에서 동종 근로자를 대상으로 하는 B노조지회가 신설된 경우 복수노조금지규정(노조법 부칙 제7조) 위반인지 여부가 문제입니다. 사안처럼 복수의 노조가 산별 노조지회인 경우 복수노조금지규정에 위반되는지 여부에 대해서 학설은 대립하고 있습니다. 행정해석(2001. 1. 20. 노조 68107-93)은 복수노조금지규정에 위반된다고 보고 있습니다. 대법원 판례(2001두5361)는 원칙적으로 복수의 노조가 기업별 노조인 경우에 복수노조금지규정에 위반된다고 보며, 복수의 노조가 기업별 노조가 아닌 경우에는 당해 노조가 독자적인 교섭권을 갖는 경우에 한해 예외적으로 복수노조금지규정에 위반된다고 보고 있습니다. 사안의 양 노조지회가 독자적인 교섭권을 갖고 있는지 여부는 알 수 없습니다.  사안의 내용에 의하면 B노조지회는 가처분 재판에 의해 정당하게 교섭을 진행하고 있습니다. 법원이 B노조지회에 대해 교섭권을 인정했다고 볼 수 있는데 이 점에 비추어 보아 당해 노조 설립의 적법성도 인정되었다고 판단됩니다. 이와 같이 특정 사안에 대해 사법부가 재판을 한 경우 판결과 배치되는 의견은 무의미합니다. 따라서 감독관 입장에서는 B노조지회의 설립에 대해 복수노조금지규정 위반 여부를 문제삼지 않는 것이 타당하다고 봅니다.  LPG 공급과 관련하여 A노조지회와 사용자간에 근로자에게 불리한 조건(종전 무제한 공급에서 일정량 공급으로 변경)으로 단체협약이 체결되었습니다. 사용자는 일반적 구속력(노조법 제35조)에 의해 동 단체협약을 B노조지회 조합원에게도 적용하려고 하나, B노조지회는 유리한 조건 우선의 원칙을 근거로 동 단체협약 적용을 반대하고 있습니다. 어느 쪽 주장이 타당한지 판단하기 위해서는 A노조지회와 사용자간에 체결한 단체협약이 일반적 구속력에 의해 B노조지회 조합원에게 적용될 수 있는지를 우선 검토하고, 동 단체협약이 적용될 경우 동 단체협약과 종전의 LPG 무제한 공급 조건을 정한 규범이 경합하는지를 검토해야 합니다. 규범이 경합할 경우에만 그 중 어느 것이 유리한지가 문제되기 때문입니다. 즉, 복수의 규범이 경합하지 않을 경우 비교할 대상이 없으므로 유리한 조건 우선의 원칙은 의미가 없습니다. 일반적 구속력에 관해 노동조합 및 노동관계조정법 제35조에서는 「하나의 사업 또는 사업장에 상시 사용되는 동종의 근로자 반수 이상이 하나의 단체협약의 적용을 받게 된 때에는 당해 사업 또는 사업장에 사용되는 다른 동종의 근로자에 대하여도 당해 단체협약이 적용된다.」고 규정하고 있습니다. 사안 내용에 의하면 B노조지회의 구성원이 A노조지회의 탈퇴자이므로 양 노조의 조합원이 동종의 근로자인 점은 문제가 없을 것 같습니다. 양 노조원의 합이 100명인데 A노조지회의 조합원수가 80명이므로 과반수 요건 충족도 문제가 없을 것으로 봅니다. 따라서 일반적 구속력에 의해 일단 동 단체협약이 B노조지회 조합원에게도 적용될 수 있다고 봅니다.  다음으로 이와 같이 동 단체협약이 B노조지회 조합원에게도 적용될 때 종전의 LPG 무제한 공급 조건을 정한 규범과 경합하는지 검토해 보겠습니다. 두 개의 규범(단체협약과 종전의 LPG 공급 조건을 정한 규범)이 경합하려면 두 개의 규범이 유효해야 합니다. 두 개의 규범 중 단체협약은 위에서 살핀 바와 같이 B노조지회 조합원에게도 적용되므로 유효하나 종전의 LPG 공급 조건을 정한 규범이 유효한지는 검토해보아야 합니다. LPG 공급량을 제한하는 조건으로 단체협약을 체결할 때 종전의 LPG 공급 조건을 정한 규범을 어떤 방식으로든지 정리했을 것입니다. 즉, 종전의 규범과 새로운 단체협약의 내용이 저촉되므로 종전의 규범을 폐지하는 조치를 했을 것입니다. 종전의 LPG 공급 조건을 정한 규범으로는 단체협약, 취업규칙, 관행, 근로"
노사협력(노사·근로),단체협약에 따라 지급하는 목욕권이 복리후생비에 해당되는지,2011-05-24 15:34:48.0,      [답변] 단체협약에 따라 지급하는 목욕권이 복리후생비에 해당되는지,2011-05-30 12:39:23.0,김호병,"질문 내용에 의하면 단체협약에 매월 1인당 4매의 목욕권을 지급하기로 규정되어 있습니다. 노동조합 및 노동관계조정법 제92조에는 복리후생비를 지급하지 않을 경우 처벌할 수 있도록 규정하고 있는데 목욕권이 동법조에서 규정한 복리후생비에 해당되는지 여부가 문제되고 있습니다. 우리부의 통상임금 산정지침 별표 ‘통상임금 및 평균임금 판단기준 예시’에 의하면 ‘체육시설 이용비’를 복리후생비로 예시하고 있습니다. 목욕권은 목욕시설을 이용할 수 있는 권리를 표시하는 문서라고 정의할 수 있는데, 이는 ‘목욕시설 이용비’를 대체하는 수단입니다. 따라서 ‘목욕시설 이용비’와 동질적이라고 볼 수 있습니다. 체육시설이나 목욕시설은 건강을 도모하기 위한 목적으로 이용하는 시설이라는 공통점을 갖고 있습니다. 따라서 ‘체육시설 이용비’를 복리후생비로 볼 수 있다면 ‘목욕시설 이용비’도 복리후생비로 볼 수 있고, 목욕권은 ‘목욕시설 이용비’와 동질적이므로 목욕권도 복리후생비로 볼 수 있습니다.  근로자가 청구한 경우에만 목욕권을 지급해야 하는지 아니면 청구와 관계없이 사용자가 지급해야 하는지가 문제됩니다. 사용자는 관례적으로 근로자가 청구하는 경우에 목욕권을 지급했고, 해당월이 경과하면 청구권은 소멸한다고 주장하고 있습니다. 이에 대해 근로자측은 단체협약에 지급한다고 규정되어 있으므로 청구와 관계없이 당연히 지급해야 한다고 주장하고 있습니다. 어느 쪽 주장이 타당한지 판단하기 위해서는 단체협약의 해석이 전제되어야 합니다. 단체협약에는 목욕권 지급과 관련하여 청구 여부에 대해 규정하고 있지 않습니다. 단체협약을 문구대로 해석하면 청구와 관계없이 사용자는 매월 4매의 목욕권을 지급해야 합니다. 즉, 단체협약에서 청구할 경우에 지급한다는 별도 조건을 규정하지 않는 한 청구하지 않아도 매월 지급해야 합니다. 단체협약을 이렇게 해석할 경우 단체협약과 관례를 비교하면 관례가 근로자에게 불리한 내용인데 이런 경우에는 ‘상위규범 우선의 원칙’에 의해 관례를 적용할 수 없고 단체협약을 적용해야 합니다(아래 보충설명 참조). 따라서 사용자는 근로자가 목욕시설을 이용하는데 지장이 없도록 사전에 목욕권을 지급해야 합니다.사안에서 2월분 목욕권을 2월이 경과할 때까지 지급하지 않았으므로 단체협약에 규정한 복리후생비를 지급하지 않았고, 이는 노동조합 및 노동관계조정법 제92조 위반에 해당하므로 처벌이 가능하다고 봅니다.  위와 같이 목욕권을 제 때에 지급하지 않을 경우 형사상 문제가 발생할 뿐만 아니라 민사상 채무불이행의 한 유형인 이행지체가 발생합니다(목욕권 지급청구관계는 민사상 채권채무관계인데 근로자는 채권자이고 사용자는 채무자임). 이행지체가 발생할 경우 채권자(근로자)는 채무자(사용자)에게 원칙적으로 당초의 채무이행(목욕권 지급)을 촉구할 수 있고, 지체상태에서 당초의 채무이행이 채권자에게 이익이 없을 경우에는 당초의 채무이행에 갈음하는 손해배상(전보배상)을 청구할 수 있습니다(민법 제395조). 근로자는 2월분 목욕권 대신 현금으로 지급하라고 요구하고 있습니다. 근로자는 전보배상을 요구하고 있는 것입니다. 근로자의 주장이 타당한지는 근로자가 2월분 목욕권을 2월이 경과한 이후에 지급받았을 경우 이익이 있는지 여부를 검토해서 판단할 문제입니다. 2월이 경과한 이후에 목욕권을 지급받아도 불이익이 없을 경우에 목욕권 대신 현금을 지급하라고 고집하는 것은 권리남용으로 볼 수 있고, 이익이 없을 경우(예컨대 3월분 목욕권도 받은 상태에서 2월분을 받게 되면 목욕권이 과잉상태가 되어 전부 사용할 수 없는 경우)에는 현금 지급 요구가 정당하다고 볼 수 있습니다.  [보충설명] 규범이 경합할 경우 적용문제 노동문제가 발생한 경우 이를 해결하는 기준을 규범이라고 정의할 수 있는데, 규범으로는 법령, 단체협약, 취업규칙, 관행(관례), 근로계약이 있습니다. 규범간에는 위계질서가 성립하는데, 열거한 순서대로 상하 관계가 성립합니다. 즉, 법령은 단체협약에 비해 상위규범이고, 단체협약은 법령에 비해 하위규범이지만 취업규칙 이하 규범에 비해 상위규범이라는 식입니다. 사안의 경우에는"
노사협력(노사·근로),근로시간면제제도관련한 신고사건,2011-06-29 10:08:39.0, [답변] 근로시간면제제도관련한 신고사건,2011-06-30 14:54:35.0,김호병,"고소인에 대해 근로시간면제를 적용할 것인지 여부는 수사를 통해 밝혀야 하므로 논외로 하고, 범죄사실을 어떻게 기술할 것인지에 대해서만 설명하겠습니다.  질문하신 분이 지적한 바와 같이 근로시간면제에 관해 규정한 노동조합 및 노동관계 조정법 제24조 제4항 위반에 대해 처벌할 수 있는 근거가 없기 때문에 이 조항을 중심으로 범죄사실을 기술하는 것은 타당하지 않다고 봅니다. 고소인의 주장 요지는 사용자가 부당하게 월급의 일부를 지급하지 않았다는 것이고, 근로시간면제 관련 사실은 자신의 주장을 증명하는 근거로 제시한 것에 불과합니다. 따라서 임금 전액 지급원칙을 규정한 근로기준법 제43조 제1항(벌칙 규정은 제109조) 위반으로 보는 것이 타당하다고 생각합니다. <범죄사실 예시> 피의자 000은 00회사를 경영하는 사용자로서 근로자 000에 대해 2011. 3. 0.에 2011년 2월분 임금 0,000,000원을 지급하여야 함에도 불구하고 그 중 000,000원을 정당한 이유 없이 지급하지 아니한 것이다.  한편 분회장의 직무유기 부분은 고소사실 자체만으로 범죄를 구성하지 아니하므로 각하의견으로 송치하는 것이 타당하다고 봅니다. 따라서 그 부분에 관해서는 범죄사실이 문제될 수 없습니다.                                                                                           "
노사협력(노사·근로),항운노조 관련 질문,2011-08-25 13:59:01.0, [답변] 항운노조 관련 질문,2011-08-29 11:30:54.0,김호병,"사안의 해당 항운노조는 2007. 10. 1. 이전에는 하역업체에 근로자를 공급하는 사업을 하였습니다. 근로자공급사업과 관련하여 대법원은 「근로자공급사업을 영위하는 조합의 지시ㆍ감독 아래 하역업체의 작업현장에서 노무를 제공한 소속 조합원들은 실질적인 사용ㆍ종속관계가 있는 항운노조의 근로자로 볼 수 있을 뿐 하역업체의 근로자로 볼 수 없으므로 하역업체는 조합원들에 대한 산재보험료를 납부할 의무가 없다」고 판시하고 있습니다(2009. 9. 10. 선고 2008두2927판결). 그런데 해당 항운노조는 2007. 10. 1.부터 근로자공급사업을 하지 않고 무료직업소개사업을 하므로 근로자성에 대해 근로자공급사업과 관련지을 이유는 없습니다. 단지 무료직업소개사업이 관련될 뿐입니다. 일반적으로 직업소개사업자는 근로자를 소개할 뿐 사용자가 아니며, 소개된 근로자들이 실제로 근로를 제공하는 사업장의 사업주를 사용자로 보아야 합니다. 따라서 사안의 경우 하역업체가 사용자로서 고용보험이나 산재보험 관련 신고를 해야 할 의무가 있다고 봅니다.                                                  "
노사협력(노사·근로),노동조합측의 조합원명단 제출거부로 인한 사측의 단체교섭 해태,2012-01-06 12:00:08.0,   [답변] 노동조합측의 조합원명단 제출거부로 인한 사측의 단체교섭 해태,2012-01-09 10:14:26.0,김호병,"위 사안을 해결하기 위해서 사용자측의 조합원 명단 제출 요구가 정당한지를 우선 검토해야 합니다. 이 요구가 부당하면 이를 이유로 한 교섭거부는 더 나아가 검토할 필요도 없이 부당하기 때문입니다.  사용자측이 조합원 명단 제출을 요구하는 것은 아래와 같은 이유로 정당하다고 봅니다. 첫째, 누가 조합원인지를 아는 것은 사용자의 이익과 관련이 있습니다. 「노동조합 및 노동관계 조정법」제2조 제4호 가목에 의하면 ‘항상 사용자의 이익을 대표하여 행동하는 자의 참가를 허용하는 경우’에는 노동조합으로 보지 않는 것으로 규정하고 있습니다. 이런 자가 조합원으로 활동할 경우 회사의 중요한 정보가 노조측에 유출될 수 있기 때문에 사용자측은 불리합니다. 따라서 사용자 입장에서는 누가 조합원인지 알 이익이 있습니다. 둘째, 조합원 명단은 기밀 사항에 속하지 않습니다. 동법 제26조에 의하면 조합장은 회계연도마다 노동조합 운영 상황을 공개할 의무가 있습니다. 이와 관련하여 우리부의 「집단적 노사관계 업무매뉴얼」(2010. 10.)에 의하면 운영 상황에는 조합원 명부도 포함된다고 해석하고 있습니다(67면). 한편, 노조측은 명단 제출로 인해 조합원 신분상 불이익을 당할 수 있다고 주장하나 막연한 의심만으로 명단 제출을 거부하는 것은 정당하지 않다고 봅니다. 명단 제출 후에 실제로 조합원 신분상 불이익을 당할 경우 동법 제81조 제1호에 의해 보호받을 수 있습니다.  다음으로 사용자측이 조합원 명단 제출 거부를 이유로 단체교섭을 거부하는 것은 아래와 같은 이유로 부당하다고 봅니다. 사용자측이 조합원 명단 제출 거부를 이유로 단체교섭을 거부하는 것이 정당하려면 조합원 명단 제출 거부와 단체교섭 거부가 직접적인 관련이 있어야 합니다. 동법 제81조 제3호는 단체교섭을 정당한 이유 없이 거부하거나 해태할 경우를 부당노동행위로 규정하고 있는 바, 대법원 판례(1998. 5. 22. 선고 97누8076)에 의하면 「동법 제81조 제3호의 정당한 이유인지의 여부는 노동조합측의 교섭권자, 노동조합측이 요구하는 교섭시간, 교섭장소, 교섭사항 및 그의 교섭태도 등을 종합하여 사회통념상 사용자에게 단체교섭의무의 이행을 기대하는 것이 어렵다고 인정되는지 여부에 따라 판단할 것이다」라고 밝히고 있습니다. 동 판례에서 정당한 이유인지의 여부를 판단하는 요소로 제시한 ‘교섭권자, 교섭시간, 교섭장소, 교섭사항, 교섭태도’ 등은 단체교섭과 직접적인 관련이 있습니다. 그러나 조합원 명단 제출이 교섭권자 등과 동등한 정도로 단체교섭과 관련이 있다고 보기는 어렵습니다. 한편, 사용자측은 조합원 명단 제출과 단체교섭을 연계하지 않으면 권리구제가 불가능하다는 주장을 할 수 있습니다. 즉, 단체교섭을 계기로 조합원 명단을 제출받지 못할 경우 단체교섭 타결 후에 별도로 조합원 명단을 제출받을 수 있는 가능성이 없다고 주장할 수 있습니다. 그러나 조합원 명단 제출 거부 문제는 소송 등을 통해 해결이 가능하므로 단체교섭과 연계해야 할 필연적인 이유는 없다고 봅니다.  [정리] 사용자측이 조합원 명단 제출을 요구하는 것은 정당함. 그러나 조합원 명단 제출과 단체교섭은 직접적인 관련이 없으므로 이를 이유로 단체교섭을 거부하는 것은 부당함. 다만, 조합원 명단 제출 거부로 인해 발생한 문제는 소송 등을 통해 구제가 가능하다고 봄.                                                                                                                                                                                                 "
노사협력(노사·근로),유니온숍 협정에 대한 질의...,2012-07-19 12:39:27.0,   [답변] 유니온숍 협정에 대한 질의...,2012-07-20 15:24:38.0,김호병,"노동조합 및 노동관계 조정법 제81조 제2호 단서에 의하면 ‘노동조합이 당해 사업장에 종사하는 근로자의 3분의 2 이상을 대표하고 있을 때에는 근로자가 그 노동조합의 조합원이 될 것을 고용조건으로 하는 단체협약’의 체결이 가능한 바, 이와 같은 같은 단체협약을 union shop 협정이라고 합니다. union shop 협정의 적용과 관련해서는 유형별로 구분해서 검토해야 합니다. union shop 협정 체결 당시 조합원에게는 동 협정이 바로 적용됩니다. 따라서 조합원이 향후 조합을 탈퇴할 경우 노조측은 사용자에게 해고를 요구할 수 있습니다.union shop 협정 체결 당시 비조합원인 경우에는 동 협정이 적용되지 않습니다. 따라서 비조합원에게 조합 가입을 강제할 수 없습니다. 다만 신규채용자에게는 동 협정이 적용됩니다. 위 법 조항에서 ‘조합원이 될 것을 고용조건’으로 한다고 명시하고 있기 때문입니다. 따라서 신규채용자가 조합 가입을 거부하면 노조측은 사용자에게 해고를 요구할 수 있습니다.사안은 union shop 협정 체결 당시 비조합원이었으나 이후 노조에 가입한 경우입니다. 이 경우에는 노조에 가입한 시점부터 동 협정이 적용됩니다. 따라서 해당 노조원이 노조를 탈퇴한 경우 노조측은 사용자에게 해고를 요구할 수 있습니다.                                                                                                                                                                                                                                             "
노사협력(노사·근로),채무적부분인지 규범적 부분인지,2012-12-27 13:32:32.0,  [답변] 채무적부분인지 규범적 부분인지,2013-01-02 11:05:20.0,김호병,"1. 사안은 단체협약의 특정 조항의 분류 및 효력에 관한 질문입니다.     2. 단체협약은 규범적 부분, 채무적 부분 및 조직적 부분(제도적 부분)으로 분류됩니다(김형배, 노동법<신판 제3판> p.761~774, 광주지법 순천지원 1995. 8. 28. 선고 93고단753 판결).규범적 부분은 단체협약 내에 ‘근로조건 기타 근로자의 대우에 관하여 정한 부분’을 말합니다(노동조합 및 노동관계조정법 제33조 참조). 규범적 부분은 개별적 근로관계에 대하여 강행적ㆍ직접적(보충적)ㆍ자동적 효력이 있습니다.강행적 효력이라 함은 단체협약의 근로조건 기타 근로자의 대우에 관한 기준에 위반하는 취업규칙 또는 근로계약의 효력을 무효로 하는 효력을 말합니다(노조법 제33조 제1항). 직접적 효력이라 함은 개별적 근로계약에 아무 약정이 없는 경우 또는 단체협약의 강행적 효력에 의하여 개별적 근로계약의 일부가 무효로 된 경우에 이를 직접적으로 보충하는 효력을 말합니다(노조법 제33조 제2항).자동적 효력이라 함은 단체협약의 조항이 강행적 또는 직접적인 방법에 의하여 근로계약의 내용이 되는 것을 말합니다. 이와 같이 단체협약이 근로계약의 내용이 된 결과 단체협약 종료 후에도 단체협약상의 근로조건은 그대로 유효합니다.채무적 부분은 집단적 노사관계와 관련하여 단체협약 당사자(노동조합, 사용자 또는 사용자 단체) 상호간의 권리ㆍ의무를 규율하는 부분을 말합니다. 채무적 부분은 조합원들에게 직접적으로 효력을 미치는 것이 아니라 단체협약 당사자에게만 그 효력이 한정된다는 특징이 있습니다. 채무적 부분은 단체협약의 유효기간이 경과된 이후에는 사용자측의 동의가 없는 한 그 효력을 상실합니다(서울지법 동부지원 1994.4.7. 선고 93가합9130 제6민사부판결 참조).조직적 부분은 집단적 노사관계를 제도적으로 규율하는 조항을 말합니다. 조직적 부분은 제도적 효력을 갖는데, 그 효력의 성질은 조직적 부분의 성격에 따라 이를 결정해야 하며, 제도적 효력은 원칙적으로 규범적 효력이라고 합니다(김형배, 전게서 p.774).      3. 사안에서는 단체협약에 사용자가 노동조합의 복지기금 용도로 일정 금액을 출연하도록 한 조항을 어떻게 분류할 것인지가 문제입니다.규범적 부분에 근거해서 개개 조합원이 사용자에게 권리를 행사할 수 있습니다. 예컨대 단체협약에 임금에 관한 규정이 있을 경우 사용자가 규정대로 임금을 지급하지 않으면 개개 조합원은 사용자에 대해 그 지급을 청구할 수 있습니다. 그러나 복지기금 출연금 조항에 근거해서 개개 조합원이 사용자에 대해 출연금을 지급하도록 요구할 수 없습니다. 즉, 사용자가 동 출연금을 지급하지 않을 경우 개개 조합원이 사용자에 대해 그 지급을 요구할 수는 없고, 조합을 대표하는 자가 그 지급을 요구할 수 있습니다. 따라서 동 출연금 조항은 규범적 부분이 될 수 없습니다.복지기금은 조합원의 후생을 위해 지속적으로 존립하는 성질을 갖는다고 볼 수 있습니다. 즉, 복지기금은 일시적으로 시행되는 것이 아니라 상당기간 지속되는 것이므로 일종의 제도라고 볼 수 있습니다. 따라서 사안의 복지기금 출연금 조항은 조직적 부분(제도적 부분)이라고 볼 수 있습니다. 그 효력은 규범적이라고 보아야 합니다. 여기서 그 효력이 규범적이라는 함은 단체협약이 종료한 후에도 그 부분은 계속 유효하다는 의미입니다. 단체협약 종료 이후에도 복지기금은 제도로서 상당기간 지속되어야 하기 때문입니다. 조직적 부분(제도적 부분)이 규범적 효력을 갖는다고 하지만 규범적 부분에서의 규범적 효력과 동일한 의미는 아니라고 할 수 있습니다.                                                                                                                                                                                                                                                       "
노사협력(노사·근로),노사협의회 사용자위원이 될 수 있는 지? 알고 싶습니다,2013-06-04 14:00:51.0,[답변] 노사협의회 사용자위원이 될 수 있는 지? 알고 싶습니다,2013-06-07 11:18:58.0,김호병,"노사협의회 구성과 관련하여 「근로자 참여 및 협력증진에 관한 법률」 제3조 제3항에서는 「사용자를 대표하는 위원(이하 '사용자위원'이라 한다)은 해당 사업이나 사업장의 대표자와 그 대표자가 위촉하는 자로 한다.」라고 규정하고 있습니다. 사안에서는 사업장의 대표자는 문제되지 않으며 대표자가 위촉하는 자가 문제됩니다. 사용자위원은 사용자인 바, 동법 제3조 제3호에서는 「'사용자'란 「근로기준법」 제2조에 따른 사용자를 말한다.」라고 규정하고 있습니다. 근로기준법 제2조 제1항 제2호에서는 「'사용자'란 사업주 또는 사업 경영 담당자, 그 밖에 근로자에 관한 사항에 대하여 사업주를 위하여 행위하는 자를 말한다.」라고 규정하고 있습니다. 여기에서도 사업주는 문제되지 않으며 「사업 경영 담당자, 그 밖에 근로자에 관한 사항에 대하여 사업주를 위하여 행위하는 자」가 문제됩니다. 결국 사안에서 파견 임직원이 「사업 경영 담당자, 그 밖에 근로자에 관한 사항에 대하여 사업주를 위하여 행위하는 자」가 될 수 있느냐가 관건입니다.사안에서 두 사업주(A의원의 원장, B법인)와 파견 임직원들간의 관계를 우선 규명해야 합니다. 근로자 파견관계가 문제됩니다. 「파견근로자 보호 등에 관한 법률」 제2조 제1호에서는 「'근로자파견'이라 함은 파견사업주가 근로자를 고용한 후 그 고용관계를 유지하면서 근로자파견계약의 내용에 따라 사용사업주의 지휘ㆍ명령을 받아 사용사업주를 위한 근로에 종사하게 하는 것을 말한다.」라고 규정하고 있습니다. 사안의 경우는 여기에 해당한다고 볼 수 있습니다. B법인은 파견사업주이고 A의원의 원장(이하 ‘A원장’이라 약칭함)은 사용사업주입니다. 파견업 허가 여부와 관계없이 이 관계는 성립합니다. 「사용사업주의 지휘ㆍ명령을 받아 사용사업주를 위한 근로에 종사한다」는 것은 사용사업주와 파견 근로자간에 근로관계가 성립한다는 의미입니다. 결국 파견 근로자도 사용사업주에 대해 근로자라는 것을 의미합니다. 「근로자 참여 및 협력증진에 관한 법률」에서 파견 근로자에 대해 노사협의회 위원 자격을 제한하는 규정이 없으므로 노사협의회 구성과 관련하여 사용사업주 소속 근로자와 파견 근로자간에 차이가 없습니다.위에서 본 바와 같이 파견 임직원들은 사용사업주의 근로자인 바, 노사협의회의 사용자위원은 사용자이므로 근로자로서 사용자위원이 될 수 있느냐는 의문이 제기될 수 있습니다. 사용자 개념은 상대적이므로 근로자로서 사용자가 되는 경우가 있습니다. 위 근로기준법 제2조 제1항 제2호에서 열거한 사용자 중 「그 밖에 근로자에 관한 사항에 대하여 사업주를 위하여 행위하는 자」는 근로자로서 사용자인 경우입니다.사안의 파견 임직원들은 경영, 인사, 재무관리 등의 업무를 수행하며, A원장의 지휘ㆍ감독을 받고 있고, A원장 소속 인력을 지휘 통제하는 위치에 있다고 합니다. 이 사실에 의하면 파견 임직원들은 근로기준법 제2조 제1항 제2호에서 규정한 「그 밖에 근로자에 관한 사항에 대하여 사업주를 위하여 행위하는 자」에 속한다고 볼 수 있습니다.이상의 사실을 종합하면 파견 임직원들은 노사협의회의 사용자위원이 될 수 있다고 보아야 합니다.                                                                                                                                                                                                                                                                                                                                                                                                                                                                                   "
노사협력(노사·근로),A사업장의 기업노조에  B기업 근로자들이 지부로 가입할 수 있나요? ,2013-12-12 11:28:40.0,[답변] A사업장의 기업노조에  B기업 근로자들이 지부로 가입할 수 있나요? ,2013-12-16 13:37:56.0,김호병,노조 조직형태와 관련하여 현행법은 규제를 하지 않으므로(자유설립주의) 사안과 같은 형태도 허용된다고 봅니다.                            
노사협력(노사·근로),대표자 변경에 따른 형사책임??,2014-11-14 15:26:01.0,[답변] 대표자 변경에 따른 형사책임??,2014-11-17 11:13:11.0,김호병,근로자퇴직급여 보장법상 퇴직금 지급 의무는 퇴직 당시의 사용자가 부담합니다. 사안에서 대표자 변경시에 고용승계가 이루어졌으므로 전체 근로기간에 대한 퇴직금 지급 의무를 A가 부담합니다. 이 의무는 형사책임입니다. 또한 개인기업에서 대표자는 사업주이므로 민사책임도 부담합니다. 반면에 주식회사와 같은 법인의 경우에는 민사책임은 회사가 부담하며 대표자가 민사책임을 부담하지는 않습니다.                                                           
노사협력(노사·근로),노조합의 효력,2014-12-12 11:48:16.0,[답변] 노조합의 효력,2014-12-16 10:52:36.0,김호병,"노사 합의 불이행에 대해 사용자를 처벌하려면 그 합의가 단체협약에 해당해야 하고(노동조합 및 노동관계조정법 제31조 제1항) 그 내용이 동법 제92조 제2호에 해당해야 합니다.노조의 주장은 인건비를 인상하는 내용으로 예산을 확정하겠다는 합의를 했는데 사용자(기관 대표)가 이행하지 않는다는 것입니다. 그러나 실제로는 그런 합의는 없었습니다. 예산안에 반영하기 위한 인건비 인상률에 관한  합의가 있었을 뿐입니다. 예산을 확정할 수 있는 권한이 없는 사용자가 전자와 같은 합의를 했을 리는 없을 것이고, 사용자에게 그런 권한이 없다는 점에 대해 노조도 인식하고 있었다고 보아야 합니다. 따라서 노조가 주장하는 내용의 합의 자체가 존재하지 아니하므로 단체협약 해당 여부를 검토할 필요도 없습니다. 따라서 처벌이 불가하다고 봅니다.                                                                                                                                   "
노사협력(노사·근로),안녕하세요 항운노동조합 관련 질문입니다.,2016-03-04 10:34:00.0,[답변] 안녕하세요 항운노동조합 관련 질문입니다.,2016-03-07 15:26:30.0,김호병,"고용보험 피보험자는 고용보험에 가입되거나 가입된 것으로 보는 근로자와 자영업자입니다(고용보험법 제2조). 여기에서 ‘근로자’는 근로기준법상 근로자를 의미합니다(고용보험 및 산업재해보상보험의 보험료징수 등에 관한 법률 제2조). 결국 고용보험 피보험자는 근로기준법상 근로자여야 합니다(자영업자에 대해서는 논외로 함).대법원 판례(95누 3565, 97누3644 등)에 의하면 항운노조의 조합원과 하역업체간에는 근로계약관계가 없다고 보고 있습니다. 근로계약관계가 없으면 항운노조원은 근로기준법상 근로자가 아니므로 고용보험 피보험자가 될 수 없습니다.또한 대법원 판례(79다2147)에 의하면 운수노조(철도하역업무에 종사함)와 회사(대한통운)간에 단체협약이 체결된 경우에 대해서도 노조원과 회사간에 사용종속적인 근로계약이 있었다고 할 수 없다고 합니다.사안의 경우 질문 내용만으로 구체적인 사실관계를 파악할 수는 없지만 위 대법원 판례의 취지를 고려하면 해당 근로자들의 고용보험 피보험자격을 인정하기 어렵다고 봅니다.                                                                                                                                                                                  "
노사협력(노사·근로),단체협약 위반 진정사건입니다.,2016-06-30 16:54:11.0, [답변] 단체협약 위반 진정사건입니다.,2016-07-01 10:30:57.0,김호병,단체협약에 직종 변경 대상 인원이 구체적으로 명시되어 있습니다. 이 인원은 단순한 숫자가 아닙니다. 노조가 제출한 명단에서 직종 변경할 사람들을 선발한 후 그 숫자를 단체협약에 인원으로 표시한 것입니다. 진정인들은 선발되지 않았습니다. 진정인들이 어떤 이유로 선발되지 않았는지 알 수 없지만 단체협약은 노사의 타협의 결과이므로 선발되지 않은 것에 대해 사용자에게 책임을 물을 수는 없습니다. 설사 진정인들이 선발된 사람들과 실질적으로 차이가 없더라도 단체협약 체결 전에 선발되지 않아 그 인원에 포함되지 않았으므로 사용자에게 직종 변경 의무가 없습니다.                                                         
노사협력(노사·근로),노조원인 버스운전기사의 노조조끼 착용이 쟁의행위에 해당되는지,2016-12-06 18:37:38.0,[답변] 노조원인 버스운전기사의 노조조끼 착용이 쟁의행위에 해당되는지,2016-12-07 15:42:57.0,김호병,"조끼 착용이 업무의 정상적인 운영에 저해되는지 여부는 구체적인 사실관계로 판단할 문제입니다. 우선 유사한 사례에 대한 행정해석(협력 68140-30, 2002. 1. 25.)을 검토하고자 합니다. 동 행정해석에 의하면 「열차내에서 승객을 직접 대면하고 열차 내를 순회하는 여승무원이 투쟁구호가 적힌 조끼를 착용하고, 제모도 착용하지 않아 고객에게 불쾌감을 줄 뿐만 아니라 승무원으로 쉽게 구별할 수도 없는 경우에 조끼 착용은 노조법상 쟁의행위에 해당된다」고 합니다.사안의 경우 버스운전기사는 정위치에서 근무하는 관계상 버스 내를 순회하면서 승객을 직접 대면하는 경우가 거의 없기 때문에 위 행정해석의 사례와는 다르다고 볼 수 있습니다. 따라서 사안에 대해서는 행정해석을 그대로 적용할 수 없습니다. 차량운행이 평소와 다를 바 없다면 조끼 착용만으로는 업무의 정상정적인 운영이 저해되는 것으로 볼 수 없다고 생각합니다.                                                                                                           "
노사협력(노사·근로),노조원이 없는....,2017-05-18 09:52:37.0,[답변] 노조원이 없는....,2017-05-18 15:57:18.0,김호병,"구체적인 사실관계 파악이 어려우나, 노조원이 전무한 상태라면 이를 이유로 교섭을 거부하더라도 부당노동행위로 보기는 어려울 것입니다(노사관계법제팀-1874, 2006. 7. 7. 참조).                                "
노사협력(노사·근로),교섭대표 노조 결정에 관해,2017-05-24 11:58:46.0, [답변] 교섭대표 노조 결정에 관해,2017-05-24 15:01:57.0,김호병,"사안은 노동조합측 단체교섭 담당자에 관한 문제로 파악됩니다. 단체교섭 담당자라 함은 사실상 행위인 노사 사이의 단체교섭 및 단체협약의 체결을 직접 담당하는 자를 말합니다. 노동조합측 단체교섭 담당자가 될 수 있는 자는 노동조합의 대표자 또는 노동조합으로부터 위임을 받은 자입니다(노동조합 및 노동관계조정법 제29조 제3항). 노동조합의 위임을 받은 자의 범위에 관하여는 노조법에서 특별히 규정하고 있지 않으므로 조합원은 물론이고 외부인사도 수임인이 될 수 있습니다. 따라서 사안의 경우 단체교섭 권한을 A노조의 조합원에 한정하여 위임할 필요는 없으며 B,C,D 노조의 조합원에게 위임해도 무방하다고 봅니다.                                                                                     "
노사협력(노사·근로),"노조법 위반 사건 고소, 고발 주체에 관한 문의",2017-06-19 17:44:01.0,"[답변] 노조법 위반 사건 고소, 고발 주체에 관한 문의",2017-06-20 13:10:54.0,김호병,누구든지 범죄가 있다고 사료하는 때에는 고발할 수 있습니다(형사소송법 제234조). 이에 대한 예외로 친고죄가 있습니다. 사안은 친고죄가 아니므로 소수노조 위원장도 고발인이 될 수 있습니다.사안은 반의사불벌죄에 해당하지 않으므로 피해자의 의사와 관계없이 처벌할 수 있습니다.                                                    
공공노사(근로),산재요양 중인 근로자에 대한 고용승계,2017-07-19 14:35:59.0, [답변] 산재요양 중인 근로자에 대한 고용승계,2017-07-20 10:02:36.0,김호병,산재요양은 국립과학관과 C업체간의 용역계약서상의 「특별한 사정」에 해당되지 않으므로 해당 근로자를 고용승계하지 않는 것은 부당하다고 봅니다.                                 
노사협력(노사·근로),단체협약 열람 및 게시 관련 문의,2018-03-27 10:38:46.0,답,2018-03-28 10:30:41.0,김호병,"사용자의 단체협약 게시 및 열람 의무를 규정한 법조항은 없습니다. 따라서 처벌이나 과태료 부과는 불가능합니다. 
권고할 수는 있다고 봅니다."
노사협력(노사·근로),필수유지업무관련 문의 드립니다,2019-01-25 10:50:53.0,참고만 해주시길 바랍니다(항공안전 및 물류 관련),2019-02-01 17:33:14.0,신현표,"1. 

1) 노조법 시행령 제22조의 2 별표 1의 파 에서 수하물 긴급물품의 탑재, 하역 업무가 필수유지업무로 규정되어 있는데 별표의 규정취지와 물류(logistics)의 전체 프로세스를 살펴볼 때 본 별표상의 수하물 등 탑재, 하역업무를 비행기에만 탑재, 하역하는 것으로 좁게 해석하는 것은 옳지 않아 보입니다. 탑재와 하역 등의 업무는 '물류'의 측면에서 볼 때, 연결된 작업이므로 제3의 지역에서 탑재, 하역을 돕는 업무 역시 본 별표상의 탑재, 하역업무에 포섭되어야 할 것으로 사료됩니다.

2) 1)의 판단에 더불어 항공기 이용자들의 수하물 등은 반드시 이용자들과 함께 해야하는 것이며, 수하물 등에는 이용자의 생명, 건강과 직결되는 약품 등도 존재할 수 있으므로 해당 수하물 등의 탑재, 하역업무는 필수유지업무로써 그 유지 및 운영수준을 특별조정위원회에서 결정할 수 있다고 사료됩니다.

2.

항공법 2조 및 관련 시행규칙보다는 [항공안전법 2조 10호 및 해당 시행규칙, 별표 3 항공안전장애의 범위]를 참조할 때, 기내청소는
객실승무원의 신체건강 및 정신건강과 상관관계가 있으며, 이는 안전보건공단의 자료(첨부파일 참조)에서 보이듯이 기내청소 미비로 승무원 안전사고 발생시 이는 항공기 이용자들 즉 공중의 생명, 건강 등을 현저히 위태롭게 할 수 있으므로 기내청소 역시 필수유지업무로 포섭하여 유지, 운영수준을 결정하는 것이 바람직하다고 사료됩니다.


다른 질문들에는 답변이 올라왔는데, 이 질문만 답변이 안 올라와서 써본 것이니 참고만 해주시기 바랍니다.
이상 사견을 말씀드렸습니다."
노사협력(노사·근로),연차휴가 대체사용에 대한 질문,2019-04-29 11:24:48.0,해결 방안,2019-04-29 13:59:26.0,김호병,"근로기준법은 근로자대표와의 서면 합의를 연차휴가 대체의 요건으로 명문화하고 있습니다. 따라서 서면 합의가 없으면 무효입니다. 
취업규칙으로도 연차휴가 대체가 불가하다고 행정해석이 변경됨(2019. 7.)에 따라 수정하였습니다."
노사협력(노사·근로),산별노조 탈퇴 후 기업별 노조 설립 가능 여부 및 단체협약 유효 여부 문의드립니다.,2019-09-26 17:23:25.0,참고,2019-09-26 20:51:20.0,최장순,"1. 유니온숍이 체결되어 있다고 하더라도 근로자는 노조 탈퇴 후 다른 노조를 설립 또는 가입할 수 있습니다. 
   뿐만 아니라 다수의 인원이 조합을 탈퇴한 경우에는 유니온숍 규정의 요건에 미달하여 사용자에게 해고의무 등이 발생하지 않습니다.

   * 노조법 제81조제2호 단서에 따른 유니온숍 협정은 신규입사자가 특정노동조합의 조합원이 될 것을 고용조건으로 하는 것으로 귀 사업장의 유니온숍협정이 유효한 상태라면 신규입사자는 일단 유니온숍 협정이 체결된 노동조합에 가입하여야 하나 가입 후 언제든지 탈퇴하여 다른 노조에 가입할 수 있음(노사관계법제과-1940, 2012.6.29.)

2. 노동조합의 규약에 허락, 승인 등 별도의 절차가 규정되어 있는 경우도 있으나, 사실상 해석은 도달주의를 취하므로 허락되지 않더라도 취하 의사가 상대에게 전달된 시점에 탈퇴의 효력이 발생합니다.

3. 탈퇴 후 다른 노동조합을 새로 설립하였다면, 기존 단협의 규범적 부분은 근로조건이 되어 유지될 것이나, 노조사무실 제공 등 채무적 부분은 새로운 단협을 체결하여야 합니다.

4. 다만 탈퇴 과정에 사용자의 개입 여부가 부당노동행위의 쟁점으로 부상할 소지가 있습니다."
노사협력(노사·근로),단체협약 신고 관할 행정관청 문의,2020-02-17 17:58:02.0,사업(장) 소재지 관할 지방노동관서,2020-06-19 14:01:30.0,장영철,"(변경 前) 노동조합의 주된 사무소(본조) 소재지 관할 지방관서
 (변경 後) 사업(장) 소재지 관할 지방노동관서
  - 초기업 단위 노조(산별)의 경우 관할은 해당 지부?분회 소재지 관할 지방노동관서

=================================================================

   초기업 단위 노조가 조직되어 사업장 소재지 관할과 노조의 주된 사무소 소재지 관할이 다른 경우
    - 사업장(노조 지부, 분회) 소재지 관할 지방노동관서에서 심사, 지도, 시명명령 등 조치


=> 지부분회 설립신고 여부와 관계없이  ""사업장"" 단위로 생각하시면 됩니다."
노사협력(노사·근로),단체협약 신고 관할 행정관청 문의,2020-02-17 17:58:02.0,의견,2020-02-18 15:43:23.0,박재철,"그냥 간단하게 생각하시는것이 좋지 않을까요?
단체협약 체결권이 산별노조가 하느냐 지부가 하느냐에 따라 판단을 하시고 규약상 주된 주소지에 신고하면 되는 것입니다."
노사협력(노사·근로),단체협약에 따라 지급되는 근무복이 복리후생비에 해당하는지 여부....,2020-03-19 17:48:27.0,의견,2020-03-20 09:45:28.0,김판도,"복리후생비에 해당된다고 보여집니다.
-피복비가 '구청에서 1인당 책정된 금액 이상'으로 최소금액이 확정되어 있어 통화로 환가할수 있다고 볼 수 있고, 회사가 사용금액을 노조에 제출의무도 있고 조합원 개인을 위한 피복비이므로 복리후생비로 봐도 될 듯 합니다.

-기존 행정해석의 경우는, 단협상 피복비가 확정되지 않은 상태며 현금대체 비용은 별도 노사합의사항으로 '통화로 환가할 수 있는 가능성'은 위 사례보다 더 어렵다고 보여짐"
노사협력(노사·근로),단체협약 위반이 처벌 대상 관련 질의,2020-04-06 14:43:11.0,참고,2022-04-06 16:16:45.0,김열기,"노조법 제2조에는 사용자라함은 사업주, 사업의 경영담당자 또는 그 사업의 근로자에 관한 사항에 대하여 사업주를 위하여 행동하는 자를 말한다하고 규정하고 있는바, 여기서 ""근로자에 관한 사항에 대하여 사업주를 위하여 행동하는자""라 함은 근로자의 인사, 급여, 후생노무관리 등 근로조건의 결정 또는 업무상의 명령이나 지휘감독을 하는 등의 사항에 대하여 사업주로부터 일정한 권한과 책임을 부여받은 자를 말한다할 것이므로 참가인 회사의 공작과 과장대리인 소외 임00이 ""근로자에 대한 사항에 대하여 사업주를 위하여 행동하는자""에 해당하는지 여부는 그가 근로자에 관한 어떤 사항에 대하여 사업주로부터 일정한 권한과 책임을 부여받고 있었는지의 여부에 따라 결정되는 것이라 할 것이다. 그러므로 위 임00이 이른 바 사용자에 해당하는지의 여부를 판단하는 원심으로서는 먼저 위 임00이 근로자에 관란 어떤 사항에 대하여 사업주로부터 일정한 권한과 책임을 부여받은 자인지의 여부를 심리하여야 할 것이다.(대법원 1989.11.14. 선고 88누6924 판결)

이를 참고하여 판단하시면 될 것 같습니다."
노사협력(노사·근로),단체협약 위반이 처벌 대상 관련 질의,2020-04-06 14:43:11.0,의견,2020-04-07 10:26:45.0,김판도,"대리도 근로자이면서 사용자로 볼 수 있으므로(대리가 근로자에 관한 사항에 대하여 사업주를 위하여 행동하는 자인지 파악 필요)
사용자로서 처벌대상임.
대리가 자기 책임 또는 실수로 징계절차를 위반하였다면 대리만 처벌대상이 될 수 있겠으나
상부의 사용자(대표이사, 부장, 과장 등)가 지시 등에 의해 이루어진 것이 확인되면(교사범) 추가 범죄인지도 가능하다고 봅니다.
따라서, 상부의 지시여부에 대해서도 확인이 필요하다고 봅니다."
노사협력(노사·근로),단체협약 위반이 처벌 대상 관련 질의,2020-04-06 14:43:11.0,의견,2020-04-07 09:02:15.0,박재철,노조법상 사용자로 보아야 할 것입니다.
노사협력(노사·근로),교섭단위의 통합에 대한 질의,2020-04-20 14:16:38.0,의견,2020-04-21 10:22:12.0,김판도,"노조법 제29조의 3에서 교섭단위는 사업 또는 사업장 단위를 원칙으로 하고, 일정한 경우 교섭단위 분리신청을 할 수 있도록 규정하고 있으며, 통합절차 등에 대해서는 별도 규정하지 않고 있습니다.
-노사간의 교섭방법은 자율에 맡겨져 있으므로 별도 절차 없이 2개노조가 공동으로 사용자와 교섭 및 단협체결할 수 있다고 봅니다."
노사협력(노사·근로),교섭단위의 통합에 대한 질의,2020-04-20 14:16:38.0,의견,2020-04-20 17:35:25.0,박재철,"복수노조에 있어 교섭창구단일화를 목적으로 규정하고 있는 것입니다.
노노가 노사가 별도교섭창구를 요구 한다면 모를까 단일화를 하겠다고 노사가 노노가 합의를 하였다면 별도의 절차없이 가능하다고 봅니다."
노사협력(노사·근로),해고예고수당의 압류금지채권 여부,2021-02-19 23:11:21.0,참고,2022-04-06 17:23:56.0,김열기,"1. 해고예고수당은 근로에 대한 대가도 아니고 근로기준법상 임금이나 민법상 보수가 아니, 일자리를 알아보는 동안 최소한도의 생계보장을 확보해 주기 위해 즉시해고를 허용해주는 의미를 가지며, 근로자에게 청구원이 부여되는 금품이 아니다. 

2. 해고예고수당은 금품청산 규정도 적용받지 않는 금품이고 해고예고의무 이행의 한 수단에 불과하다.

3. 이 사건의 경우 근로자가 공금횡령으로 실형을 살았다고 하면은 근로기준법 제26조에 따라 해고예고의 적용제외 사유에 해당한다. 또한 근로자의 경우는 단체협약이나 취업규칙에 당연면직 사유에 해당하는 건 아닌지 확인해 볼 필요가 있다. 

4. 임금도 아니고 체불금품도 아니라면 압류계좌에 입금을 한다고 하여 과연 법 위반 문제가 발생하는지인데 개인적으로는 법 위반 문제는 발생하지 않는 것으로 판단된다.

5. 단체협약 위반문제는 위 내용 등을 토대로 확인을 하여 처리하는 것이 옳을 것 같다."
노사협력(노사·근로),해고예고수당의 압류금지채권 여부,2021-02-19 23:11:21.0,노조법상 단협위반여부....,2021-02-26 13:03:45.0,정영윤,"ㅇ 위에 명시한 단협내용만을 살펴보면, 
  - 금품지급 기준에 대해 해고관련 협의절차 이행시, 미행시가 공존하는 내용으로 보아 단협체결 당사자간 반드시 협의절차를 준수해야할 의무는 없어 보이고, 다만 해당금품 지급여부가 단협을 위반했는지에 대한 판단의 대상이 된다고 보여지나, 해당 금품 또한 노조법상 처벌이 가능한 금품(임금, 복리후생비, 퇴직금)에 해당되지 아니하여 노조법 위반혐의는 없음.  
  - 따라서 해당금품을 회사가 근로자의 압류계좌로 일방적으로 입금한 행위가 단협위반에 해당하는지는 굳이 따져야할 이유는 없음.

ㅇ 해고가 근로기준법상 근로자의 귀책사유에 기인한 것으로 해고예고수당 규정에 적용되지 않은 경우라면, 해당금품은 퇴직(해고)으로 발생하는 단협상에 지급근거를 둔 기타 금품으로 볼 수 있어 제36조 위반여부를 조사해 보고, 회사가 압류계좌로 입금한 행위가 절차상 정당한 변제행위로 볼 수 있는지는 당시 입금경위와 정황 등을 상세히 조사해서 판단(지휘건의 등)해야 할 것입니다."
노사협력(노사·근로),해고예고수당의 압류금지채권 여부,2021-02-19 23:11:21.0,의견,2021-02-22 11:32:12.0,김판도,"1. 해고예고 예외관련
 -횡령 등은 예외사유이며(그럴가능성도 많아보임), 이 경우 단협에 노조협의 없을 경우 90일분 평균임금을 지급하는 내용은 해고수당이라기 보다, 일종의 위로금 성격이 강하다고 봄
 -따라서, 체불금품은 민사적 성격이 강함

2. 노조법 92조 위반관련
 -해고수당이라 하더라도 임금이 아니고, 복리후생비라고 보기도 어려울 뿐더러, 위와 같이 문제되는 금품은 일종의 위로금 성격으로 볼 여지가 많으므로 '가'목 적용이 어려워 보임
 -'다'목과 관련하여서는 징계사유와 그 중요한 절차위반만 처벌대상임. 중요절차는 일반적으로 징계위원회 참여(소명기회) 등을 말하며, 해고수당(위로금) 지급관련 협의여부는 중요한 절차로 보기 어렵다고 봄. 따라서, 근로자가 징계위원회에 소명기회를 가졌다면 동 '다'목 적용도 어렵다고 보여짐

3. 압류계좌 입금문제
 -문제되는 금품이 민사적 성격의 금품이 아니라, 근기법상의 해고수당이면 직접불위반(근로자 동의없이 압류된 통장으로 해고수당 입금한 것은 직접불 위반여지가 많음)으로 볼 여지 있으나, 본 사안은 해고수당 예외사유로 볼 여지가 많으므로 법적 문제는 없어보임"
노사협력(노사·근로),해고예고수당의 압류금지채권 여부,2021-02-19 23:11:21.0,답변,2021-02-20 09:42:29.0,최광용,"1. 법 제25조(해고의 예고) 적용조건 및 제외조건 1,2,3호를 확인하여 적용여부 결정, 단협이 정한 부분은 민사청구할 수 있음(가, 다 적용불가), 협의절차 별론으로 위반은 지노위 관할 사안으로 보임
2. 해고수당의 지급시기는 해고시, 그러므로 해고시까지 미지급하면 범죄발생
3. 압류여부는 해고수당 미지급책임과 무관함"
노사협력(노사·근로),노동조합 회계감사원 사건 관련입니다.,2021-03-25 16:09:39.0,결산결과와 관련된 사항,2021-04-14 15:45:34.0,이승주,"노조법 제26조에서 노동조합의 대표자는 회계연도마다 결산결과와 운영상황을 공표하여야 하고, 조합원의 요구가 있을 때에는 이를 열람하게 하여야 한다고 규정하고 있습니다.

여기서 말하는 결산결과라 함은 결산서, 예산서, 수입원장, 지출원장 등이며 위원장의 급여명세 등은 이에 해당하지 않을 것으로 보입니다.

따라서 노조 규약 등에 개별 임원(위원장)의 급여명세(조합비 납부내역 등)와 관련하여 별도로 규정되어 있지 않다면, 노조법으로 접근하는 것은 무리가 있을 것 같습니다."
노사협력(노사·근로),노동조합 회계감사원 사건 관련입니다.,2021-03-25 16:09:39.0,회계감사원...,2021-04-05 12:09:07.0,정영윤,"ㅇ 노조법 제25조에 따라 회계감사원은 노동조합의 회계감사를 실시할 수 있으므로 조합비의 재원에 대해서도 당연히 감사할 권한을 가지고 있다고 할 수 있습니다.

  - 회계감사원의 정당한 감사행위를 해당 노동조합 지부장이 이를 거부한 것이라면 이는 지부장(노동조합)의 처분행위가 있었던 것이라고 볼 수도 있으므로, 이를 철저히 조사해서 지부장의 행위가 해당 노조규약이나 법령 등에 위반 된 처분행위로 판단할 수 있다면 노동위원회의 의결을 얻어 시정명령을 하는 절차를 진행하는 것이 타당하다고 사료됩니다. 끝."
노사협력(노사·근로),노동조합 회계감사원 사건 관련입니다.,2021-03-25 16:09:39.0,의견,2021-03-26 00:50:28.0,조미란,"집안 문제를 정부에서 해결해달라고 하는 것 같습니다.....

단체협약 등에 해당 규정이 없다면,

행정관청에서 지부장의 급여내역을 제출하라 등의 권한은 없다고 생각합니다.....


기재하신 노동조합법 규정도 민원인의 요청 사항과는 무관해보입니다.


수고하세요~


...."
노사,노사협의회 설치(30인 미만 사업장),2021-04-13 10:40:00.0,노사협의회 설치의무...,2021-04-22 11:53:40.0,정영윤,"1. 사업주가 법상 의무 없는 신고를 하는 경우에는 사유를 명시해서 반려조치 하면되는 것이고, 

2. 법외로 사업주가 자체적으로 사업장에 노사협의회, 고충처리위원 등을 별도로 두고 운영하는 것은 노사관계 발전을 위해서 바람직한 것이므로 이는 적절히 지도하면 될 것입니다. 끝."
노사,노사협의회 설치(30인 미만 사업장),2021-04-13 10:40:00.0,의견,2021-04-13 15:41:31.0,조미란,"1. 처리 의무 없는 것으로 보여집니다.

2. 법상 의무 규정이 없으므로 처벌 불가로 보여집니다.

수고하세요~

..."
노사,조합원 제명에 따른 시정명령 요청 관련 질문,2021-06-08 08:57:02.0,참고,2022-04-06 16:54:41.0,김열기,"1. 노동조합원 징계문제는 노동조합 자체의 문제임으로 이에 대해 고소장이 접수되는 경우에는 처벌할 수 있는 처벌조항이 없음으로 검사에게 불기소 의견으로 송치하는 것이 맞다고 봅니다.

2. 이런 문제를 해결할 수 있는 방법은
   이해관계인의 신청을 받아 행정관청은 노동위원회에 노동조합 결의,처분의 시정신청을 한 후 노동원회의 결과(시정명령)를 받아서 행정관청은 노동조합에 시정명령을 하고, 이를 노동조합에서 이행하지 않는 경우에는 처벌조항이 있으므로 시정명령을 이행하지 않았음을 이유로 노동조합을 처벌할 수 있음을 알려드립니다. 

3. 노조원이 제명처분된 상태에서 정년으로 퇴직한 경우에는 

 - 기업별노조의 경우 퇴직한 상태이므로 시정신청할 사유가 소멸된 상테이므로 노동위원회에서는 '기각'하여 행정관청에서 시정명령을 할 수 없게 되고

 - 다만 초기업단위노조의 경우에는 그 시정신청의 이유는 존재한다고 '인정' 되므로 시정명령을 할 수 있다고 봅니다. 


법 조합을 잘 읽어보시고 해석을 했으면 좋겠습니다."
노사,조합원 제명에 따른 시정명령 요청 관련 질문,2021-06-08 08:57:02.0,시정명령...,2021-06-09 18:02:29.0,정영윤,"1. 노동조합의 조합원에 대한 제명조치는 처분행위가 맞습니다. 다만, 제명당한 조합원은 노동조합의 처분행위가 규약위반이라는 입증근거를 제시해야하고, 행청관청은 입증사실 등으로 규약 위반여부를 판단해야 할 것입니다.

2. 귀 질의상 조합원은 노동조합에서 탈퇴한 근로자가 아니고, 노동조합으로 부터 제명처분을 받은 피해자인 조합원으로서 이해관계인의 자격요건을 갖추었다고 볼 수 있습니다. 

  - 해당 조합원이 정년을 이유로 퇴직한 것은 근로계약 당사자인 사용자와 근로관계가 단절 되었음을 의미할 뿐이고, 퇴직 이전에 해당 조합원이 제명처분으로 받은 피해는 노동조합을 상대로 행정관청에 제기한 민원이기 때문에 신청자격에는 하자가 없다고 할 것입니다. 끝."
노사,조합원 제명에 따른 시정명령 요청 관련 질문,2021-06-08 08:57:02.0,의견,2021-06-08 14:40:34.0,김건우,"1) 노조원이 조합에서 제명된 것은 노조법 21조로 규율하기는 어려울 것 같습니다.

사측이 해당 노조원을 해고한 것도 아니고, 별개의 문제로 보입니다.

제명된 노조원이 노조 위원장이나 집행부를 상대로 민사로 다투어야할 문제 같습니다.

- 노조원 제명 취소 청구 소송 정도가 될듯 합니다.

2) 조합에서 제명된 근로자라면 21조에 해당하지 않을 것으로 생각됩니다.

- 소속 부서에서도 의견 나눠보시고 정리하시면 좋을 것 같습니다."
노사협력(노사·근로),사내근로복지기금에서 기부금수익이 제3자출연인지에 관련해서 문의드립니다.,2021-06-11 11:02:11.0,기금 출연....,2021-06-11 12:58:15.0,정영윤,"1. 근로자복지기본법 제61조 규정에 따르면 기금조성은 사업주 또는 사업주외의 자로 구분하고 있습니다.

2. 따라서 사업주 출연이 아닌 경우에는 사업주외의 자(제3자)로 구분하시면 되겠습니다. 끝."
노사협력(노사·근로),정보공개 가능여부,2021-11-11 16:07:57.0,정보공개...,2021-11-15 09:59:19.0,정영윤,"1. 정보공개는 법률에 따라 적극적으로 공개해야 하는 것이 원칙입니다.

2. 법률에 따른 비공개 대상정보는 극히 제한적으로 해석하고 판단되어야 합니다.

  - 또한 제3자의 의견수렴은 절차상 행위로 비공개의 근본 요건이 아닙니다. 

3. 따라서 비공개 대상정보는 법률에 제한을 두거나 실질적으로 법익의 침해행위가 인정되는 경우 등으로 극히 제한 되어야 하며, 모든 정보는 공개하는 것을 원칙으로 해야 합니다. 

  - 귀 질의상 정보는 비공개해야 할 특별한 이유가 없는 것으로 판단됩니다. 끝."
노사협력(노사·근로),정보공개 가능여부,2021-11-11 16:07:57.0,의견,2021-11-11 20:42:37.0,조미란,"3호, 4호만 공개 가능한 것으로 보여집니다.

저는 재진정이나 민원의 소지가 있는 분들은 ""판단의 근거""를 자세히 기재합니다.

그럼 재진정이 거의 들어오지 않더라구요.


수고하세요~

..."
공공노사(근로),인허가(취업규칙) 관련 문의 드립니다.,2022-02-17 16:52:42.0,의견,2022-03-29 09:27:10.0,김열기,"취업규칙상 비상시 회사의 업무처리에의 협력에서

먼저 ""비상시""라는 용어가 무엇을 의미하는지 회사측에 확인을 하는 것이 중요할 것 같음. 여기에서 비상근무는 당직근무를 의미하지는 않는 것 같고, 당직근무가 비상근무????

다음으로, 비상근무한 이후에 휴일이나 휴식를 어떻게 보장하고 있는지 등을 살펴보는 것이 순서가 아닐까요?

확인하신 후 처리하심이 좋을 듯 합니다."
공공노사(근로),인허가(취업규칙) 관련 문의 드립니다.,2022-02-17 16:52:42.0,의견입니다.,2022-02-17 17:30:16.0,김민우,"휴일 근로 또한 연장근로의 일환이기에 근로기준법 제53조에 의거하여 당사자간

합의가 있어야 합니다.

일방적인 사용자측의 강제업무 지시는 법위반 소지가 발생하며, 이에 대해 근로자가 거부

하여 징계등으로 이어질 경우 부당해고등구제신청 대상이 될 수도 있으므로 변경명령이

필요하다고 생각됩니다.

다만, 아래 노무사님의 답변대로 비상근무가 통상적인 업무강도보다 낮은 당직근무의 형태

라고 한다면 근로기준법 적용 제외 대상이기에 노사간 원만한 합의를 통하여 내용을 

적시하여야 할 것으로 생각됩니다."
공공노사(근로),인허가(취업규칙) 관련 문의 드립니다.,2022-02-17 16:52:42.0,의견,2022-02-17 17:08:59.0,박상현,"대개 통상의 근로제공과 구별이 되는 당직명령 등은 근로계약상의 부수적 의무로 이해되기도 하는데, 비상근무가 만일 그러한 종류의 부수적 의무의 하나로 볼 수 있다면 이게 꼭 문제가 된다고 보아야 할까 싶습니다."
공공노사(근로),인허가(취업규칙) 관련 문의 드립니다.,2022-02-17 16:52:42.0,의견,2022-02-17 17:01:12.0,조미란,"제55조 휴일 및 제60조 법정휴가 규정 위반일 수 있으니, ""'동의 하에' ~ 할 수있다'로 변경

명령하시면 될 것 같습니다.


수고하세요~!

..."
노사,교섭대표 노조와 일반적 구속력,2022-04-29 13:18:16.0,의견,2022-04-29 15:37:58.0,김열기,"복수노조제도 관련하여 '과반수 노동조합'이란 교섭창구 단일화 절차에 참여한 노동조합 전체 조합원의 과반수를 차지하는 노동조합을 의미합니다.(노조법 시행령 제14조의7 제1항)

여기에서 해당 사업(장) 전체 근로자의 과반수로 조직된 노동조합을 의미하는 것은 아닙니다.

교섭창구 단일화를 통한 교섭대표노동조합의 대표자는 교섭을 요구한 모든 노동조합 및 조합원을 위해 사용자와 교섭하고 단체협약을 체결할 권한을 가집니다.(노조법 제29조제2항)

따라서 교섭대표 노동조합이 체결한 단체협약(임금, 단체)은 교섭에 참여한 노동조합 조합원 전체에 대하여 그 효력을 가집니다.

위에서와 같이 교섭창구단일화를 거쳐 A노동조합이 교섭대표 노동조합이 되었다면, 

노조법 제35조(일반적구속력)에서 하나의 사업 또는 사업장에 상시 사용되는 동종의 근로자 반수 이상이 하나의 단체협약의 적용을 받게 된 때에는 당해 사업 또는 사업장에 사용되는 다른 동종의 근로자에 디하여도 당해 단체협약이 적용된다고 규정하고 있습니다.

따라서 각 사무직과 생산직의 노동조합 규약에서 조합원의 법위를 명확하게 구분하고 있다면은 생산직의 경우 동종의 과반수가 넘는 경우에 해당하여 일반적 구속력이 적용되고. 사무직의 경우에는 동종의 과반수가 되지 않으므로 일반적 구속력이 적용되는 않을 것으로 사료됩니다."
노사협력(노사·근로),사내근로복지기금법인 운용 협의에 대해 문의드립니다.,2022-05-10 10:16:16.0,근로복지기금 관련 매뉴얼입니다,2022-05-11 09:30:29.0,신기재,(실무매뉴얼)의 39쪽~61쪽까지가 운영관련 부분이고 46쪽~54쪽까지 부분이 주로 한도관련 부분입니다(사실 읽어도 이해는 가지 않습니다). 최근 근로복지기본법 질의회시집(2022년 1월)도 참고하세요.
노사협력(노사·근로),사내근로복지기금법인 운용 협의에 대해 문의드립니다.,2022-05-10 10:16:16.0,의견입니다.,2022-05-10 13:13:41.0,김민우,"운영 가이드라인을 붙임과 같이 첨부해드리니

참고하여 주시기 바랍니다."
노사협력(노사·근로),부당노동행위 미수범 처벌 관련,2022-05-18 09:14:53.0,의견,2022-05-18 10:53:10.0,김열기,"부당노동행위 중 불이익 취급(노조법 제81조제1호 및 제5호)에 대해서는

먼저 요건을 살펴보면
 1. 노동조합의 업무를 위한 정당한 행위(노동조합 활동 또는 단체활동)인지
 2. 사용자의 반조합적 의도 내지 동기하고 하는 부당노동행위 의사가 추정되는지
 3. 노동조합 활동을 방해하기 위한 행위로서 인사상 불이익, 경제상 불이익, 정신적 불이익, 노동조합 활동의 불이익 을 주는 행위가 있는지 여부

위의 내용을 토대로 그 해당여부를 판단하여야 하고, 이를 위반하였다면 불이익 취급이 있는 것이고
없으면 불이익 취급이 없는 것입니다.

따라서 위에서 언급했듯이 미수범은 법에 규정된 경우만 처벌을 하므로 부당노동행위에 대하여는 미수범에 대한 처벌은 없습니다. 부당노동행위의 경우에는 부당노동행위  의사가 추정되는 경우에도 부당노동행위에 해당될 수 있기 때문입니다.

노동위원회 홈페이지에서  심판업무 매뉴얼 중 부당노동행위 부분을 참고하시면 될 것 같습니다."
노사협력(노사·근로),"노동조합 가입, 탈퇴 시점 및 징계 등 관련 질문드립니다.",2022-06-21 14:51:19.0,의견,2022-06-21 17:51:00.0,박상현,"지극히 개인적인 의견입니다. 여러 의견을 두루 참고하시기 바랍니다. 

1번의 경우
소급효를 인정하지 않는 것이 타당하다고 생각합니다. 소급효를 인정해버리면 탈퇴의 통지 이전에 이미 형성되고 행사된 조합원으로서의 추상적 또는 구체적 권리까지 없던 것으로 되어버린다는 것인데, 이는 타당하지 않다고 보여지고 장래효만을 인정하는 것이 맞지 않나 싶습니다. 그래서 개인적 의견은 질의 주신 분의 의견과 대체로 비슷한 거 같습니다.

2번의 경우 
조합원 가입도 일반 계약원리에 따라 의사합치가 이루어져야 할 것이나, 노동조합의 가입의 경우 단결권을 기초로 한 특수한 형태의 계약으로 보고 있으므로 달리 가입을 거부해야할 명확한 사유가 존재하지 않는 한 조합은 조합원의 가입을 승인해야할 의무가 있다고 보아야 할 것입니다. 이런 연장선에서 가입원서가 제출하여 도달한 때 묵시적이든 승인이 이루어져 가입이 되었다고 보는 것이 타당하다 생각합니다. 그래서 개인적 의견은 질의 주신 분의 의견과 대체로 비슷한 거 같습니다. 

3번의 경우
조합원이 노동조합을 탈퇴할 경우 조합원이라는 신분관계에서 발생하는 문제는 해소된다고 보는게 타당하다고 생각합니다. 따라서 노동조합에서 탈퇴할 경우 징계의 효력은 소멸된다고 생각합니다. 다만 재가입 할 경우에 이전의 전력 등이 재가입을 거부할 만큼에 지나지 않는다면 앞서 언급한 바와 같이 조합은 가입을 승인해야할 의무가 있을 것입니다. 여기서 개인적으로 고려를 해본 것은 과연 재가입 이후에 이전의 징계사유로 재징계하는 것이 이중징계에 해당할 여지가 있는지에 대한 부분인데 개인적인 결론은 이중징계에 해당하지 않는다고 생각합니다. 조합원은 노동조합을 자유롭게 가입하고 탈퇴할 수 있으며, 이에 대해서 노동조합은 어떤 조건과 제한을 가하는 것이 사실상 매우 어려운 정도인데, 만일 노동조합의 징계가 이루어진 다음에 조합원이 탈퇴, 재가입을 하는 경우 이후의 징계가 기본적 사실관계가 동일한 사안에 대한 재징계여서 이중징계에 해당한다고 본다면 탈퇴와 재가입의 방식으로 노동조합의 내부 통제권을 무력화시킬수 있다는 문제점이 있다고 생각됩니다. 다만, 탈퇴로서 유효하게 신분관계가 종료된 이상 이전에 징계의 효력이 지속적으로 유지되고 있다고 보기는 어렵기 때문에 새로운 징계절차를 거쳐서 여러 참작해야 할 것들을 고려하여 처분할 수 있다고 개인적으로 생각합니다.

다만 위의 사례에서 조합원인 근로자는 20.4.3.자로 탈퇴서를 제출하였고 그로써 유효하게 조합을 탈퇴하였다면, 이후에 있은 20.4.6.의 노동조합의 징계는 조합원이 아닌 자에게 대한 징계를 행사한 것이 되기에 징계의 당사자적격 자체에 흠결이 있어 유효한 징계로 보기는 어려울 수 있다고 생각되며, 그렇기 때문에 재가입 이후 징계처분이 이루어진다 한들 이를 이중징계라고 볼수도 없지 않나 하는 생각이 들긴 합니다. 

이상 지극히 개인적인 의견이었습니다."
노사협력(노사·근로),단체협약 효력 확장(일반적 구속력 실효 시 적용되는 근로조건 ),2022-08-31 18:45:38.0,단체협약의 일반적 구속력...,2022-12-01 13:15:33.0,정영윤,"ㅇ 단체협약의 일반적 구속력이 실효된 경우라도 퇴직금 제도는 근로조건에 관한 규범적 부분이므로 당연히 그 효력은 유지된다고 보면 됩니다.

  - 따라서 퇴직금제도에 대한 새로운 단체협약 체결이나 취업규칙 변경 등으로 그 내용이 변경되지 않는 한은 기존의 퇴직금 제도는 그 효력이 계속 된다고 판단됩니다. 끝."
노사협력(노사·근로),단체협약 신고 관련 문의 드립니다,2023-01-05 16:44:43.0,답변드립니다,2023-01-06 08:28:31.0,조남윤,"1. 단협 신고는 일반적으로 노조 설립신고증을 교부한 관할 행정관청에 신고하는 것이 원칙이나,
 - 초기업 단위(지역, 산별) 노조는 지부 또는 분회 소재지 관할 지방관서에 신고합니다
 * 참고: 노조법 시행령 제33조(권한의 위임 등)제1항 제9호 및 제2항, 집단적 노사관계 업무매뉴얼 p.238

2. 단협 체결일은 12.27일지라도 단협에 유효기간을 별도로 기재하고 노사 대표자가 서명날인하였다면 그 기간을 단협 유효기간(2022.7.25.~2024.7.24.)으로 볼 수 있습니다    

수고하세요"
노사협력(노사·근로),주휴수당 발생여부,2024-02-08 11:24:51.0,개별 의견이므로 참고만 하세요,2024-02-13 09:40:02.0,지식인이,"아래 ""2""번 의견에 동의합니다. 

2주간 소정근무일을 변경하여 해당 소정근로일을 개근하였다면 당연히 주휴수당 발생!!!"
노사협력(노사·근로),주휴수당 발생여부,2024-02-08 11:24:51.0,두가지로 해석이 가능할 것 같습니다 (개인 의견),2024-02-08 13:25:52.0,박한을,"본래 소정근로시간은 8시간(주 2일, 각 4시간씩)으로 주휴수당 미발생이나,
사업주 요청으로 2주간만 주20시간(주 5일, 각 4시간씩)으로 변경된 경우
두가지로 해석이 모두 가능할 것 같습니다.

 1. 소정근로시간을 엄격하게 해석하여, 근로계약서 상 소정근로시간은 여전히 주 15시간 미만이므로 주휴수당 미발생 / 5인 이상인 경우 연장근로수당은 발생

 2. 근로계약서는 변경하지 않았으나, 사업주의 요청에 의해 근로조건이 변경됐고 근로자도 이를 승낙(근로제공)하였으므로, 소정근로시간이 2주간은 주 20시간으로 변경되어 주휴수당 발생 / 근로조건 변경 시 근로계약서 미작성에 대해 17조도 적용 가능

개인적으로는 근기법 상 소정근로시간은 ""근로자와 사용자 사이에 정한 시간""이지 ""근로계약서에 명시된 시간""으로 규정되진 않았으므로, 근로조건 변경된 기간에는 주휴수당 발생함이 맞다고 생각합니다."
노사,노동조합법 및 근로자참여법 관련 질의드립니다.,2024-03-03 21:51:23.0,의견 드립니다.,2024-03-04 09:52:53.0,지식인오,"근참법 상 노사협의회는 '근로자'를 대상으로 둘 뿐 동종근로자에 대한 한정이 없으므로
공무직 근로자의 과반수라는 이유만으로 근참법 상 근로자위원이 될 수는 없습니다. 투표 절차를 거쳐야 합니다.


반면 노조법 상 일반적 구속력은 '동종 근로자 과반'을 규정하고 있으므로
공무직 근로자 전원에 일반적 구속력이 확대 적용될 가능성이 높습니다.
이는 기간제 근로자의 경우 공무직 근로자와 동종의 근로자가 아닐 것을 전제로 할 것이고요.
차별시정에 대한 결정례 등을 보면 기간제 근로자와 공무직 근로자를 구분하는 사례들이 확인되므로
공무직 근로자의 동종 근로자에는 기간제 근로자가 배제될 소지가 높습니다.

질문 1에 대해, 공무직 근로자 과반수노조에 해당할 소지가 높고,
2. 그에 따라 비조합원인 공무직 노조에 적용될 소지 또한 높으며,
3. 노사협의회 근로자위원은 노조법과 궤를 달리 하므로 투표를 통해 선출하여야 합니다."
노사,노동조합법 및 근로자참여법 관련 질의드립니다.,2024-03-03 21:51:23.0,의견,2024-03-04 09:08:49.0,조미란,"1. 공무직 노동조합은 공무직을 대상으로 할 때만 과반수 노조이지, 우리가 일반적으로 말하는

사업장 종사 근로자 과반수 노조는 아닌 것으로 보여집니다.

따라서, 임단현 결과의 일반적 구속력은 해당하지 않습니다.

(공무직 노동조합이 일반적 구속력을 배제해달라고 하는 것은 결과적으로는 실익이 없는 주장입니다.

사업장에서 노조 근로자만 임금을 인상해준다고 하면 기간제근로자도 노조를 설립할 것이므로 

조합원보다 낮게 줄 수도 없고, 높게 주면 부당노동행위가 되므로 결국 같은 수준으로 줄 수밖에 

없는 거죠)

2. 근로자 과반수 노조의 정의가 사업장 소속 종사 근로자 과반수를 의미하므로 근참법 제6조 제3항은

적용되지 않는 것으로 보여집니다.

수고하세요~!

..."
공공노사(근로),서약서 효력여부,2024-04-15 17:42:42.0,개인 의견입니다.,2024-04-16 09:04:26.0,지식인삼,"서약서의 내용이 위약예정과 같이 배상을 전제하는 조항이 아니라면,
서약서를 작성하는 것 자체를 위법이라고 할 수는 없지 않을까 싶습니다.
다만, 저 서약서 내용을 근거로 해고나 징계를 했을때 
부당해고나 부당징계에 해당될지는 그때 가서 다퉈봐야 할 문제이지 않을까 싶네요.."
노사,노동조합규약 및 단체협약상 조합원 가입범이가 상이할 시,2024-05-12 20:51:31.0,개별 의견이므로 참고만 하세요,2024-05-13 10:51:05.0,지식인이,"조합원 가입자격 제한과 관련한 내용으로 보이는데요

적법한 절차를 거쳐 현재 노동조합 가입자격이 없는 계약직근로자들을 조합원 가입이 가능하도록 규약을 변경한 경우 그 자체로 유효하다고 보여집니다. 

한편, 단체협약에는 단체협약의 적용과 관련하여 조합원 범위를 노사간 정할 수 있으며, 현행 단체협약에는 계약직들에 대해 단체협약의 적용을 배제하는 조항이 있다는 것으로 해석되는데 따라서 이 경우 노사간 협상을 통해 단협조항의 변경이 뒤따라야 할 것으로 보여집니다."
노사,노동조합규약 및 단체협약상 조합원 가입범이가 상이할 시,2024-05-12 20:51:31.0,의견,2024-05-13 09:21:51.0,조미란,"단협이 변경되지 않는한 어렵다는 의견입니다.

수고하세요~!

..."
노사,단체협약 위반 여부,2024-05-27 15:33:02.0,의견입니다.,2024-05-28 08:56:21.0,지식인오,"제시된 단체협약 문구는 너무 포괄적인 사항을 담고 있는 일반조항이라 형사사건에서 처분에 이르는 정도의 법규성을 갖고 있는지 의문입니다.
예컨대, 임금협약 제11조에 구체화된 수당을 미지급하였다고 가정하면, 제11조를 위반한 것과 더불어 제시된 단협조항을 모두 위반하였다고 볼 수 있을까 하는 의문이 드는 것입니다. 
만약 그렇지 않다면 관행화된 근로조건을 지키지 않은 경우 약정된 근로조건을 지키지 않은 것보다 더 많은 단체협약 조항을 위반하게 되는 부조리한 상황이 발생하는 것입니다.

사안의 경우 근로기준법 제43조의 임금체불로 접근함이 바람직해 보입니다.
노동조합이 단협위반 주장을 고수하는 경우라도, 임금체불의 범죄가 성립하지 않는다면 단협위반의 범죄도 적용할 수 없어보입니다.

절차위반이라고 하여도 피해액은 어느 정도 특정될 수 있어야 할 것으로 보이고,
가지고 계신 상황이 단협위반의 범죄사실로 특정될 수 있는지 의문이 듭니다.

정기적이라고 하니, 그 시점, 적어도 지급의무를 가진 종기가 특정되어야 할 것이고,
일률적이라고 하므로 정액 또는 정률이었던 것으로 보입니다.
다만 변동성과급의 정의가 명확하지 않아 경영상황에 따라 그 지급액이나 지급률을 달리해왔던 것으로 보이는데, 
범죄사실 상의 금액을 특정할 수 있을 정도의 산식이 관행으로 형성되어 왔을지 의문이 듭니다."
노사,단체협약 위반 여부,2024-05-27 15:33:02.0,개별 의견이므로 참고만 하세요,2024-05-28 08:37:54.0,지식인이,"제 개인적 의견으로는 노조법 제92조 각호의 조항은 엄격하게 해석하는 것이 타당할 것 같다는 생각입니다. 

동법동조 제가호의 ""임금, 복리후생비, 퇴직금에 관한 사항""에서 임금은 근로기준법상 임금, 복리후생비는 단협에 명시되어 있는 복리후생비, 퇴직금은 법정퇴직금 뿐만 아니라 약정퇴직금을 의미하며, 

질의대상의 ""변동성과급""은 사실상 단협에 명시되어 있지 않은 것으로 보여집니다. 다만, 질의에서 정기적.일률적으로 지급해왔다는 부분에 대해서는 구체적 사실관계를 알 수 없어 정확히 말하기는 곤란하나, 추정컨대 매년 회사의 성과여부에 따라 그 지급액을 달리하여 전근로자에게 지급해온 것은 아닌가 생각되는데요.....

그러하다면 이번에 이러한 변동성과급을 지급하지 않은 사유를 확인하여 그 사유가 합리적이고 타당성이 인정된다고 하면 이를 이유로 동법동조위반으로 의유하는 것은 곤란하지 않을까 생각해봅니다. 

수고하세요!!!"
노사,단체협약 위반 여부,2024-05-27 15:33:02.0,의견,2024-05-27 16:55:07.0,조미란,"단체협약에 ""조합이 이미 확보했거나 관행으로 실시해 온 노동조건을 저하시킬 수 없다"" 의 규정이 체결돼 있고,

""임금과 관계있는... 조합과 사전협의하여 결정한다""는 규정도 있으며,

""근로자의 임금은 단체교섭을 통하여 결정한다 "" 등의 규정도 있는 상황에서 

변동성과급을 정기적, 일률적으로 지급해왔다는 증거 자료가 있다고 하면

저는 위 관행을 대체한 새로운 단체협약이 없다고 하면 제92조 제2호에 해당한다는 의견입니다.

수고하세요~!

..."
노사,교섭대표 노조 지위 유지 기간 중 새로운 노조가 생긴 경우,2024-06-04 15:22:59.0,개별 의견이므로 참고만 하세요,2024-06-04 16:37:03.0,지식인이,"교대노조의 지위 유지기간:  교대노조로 결정된 후 사용자와 체결한 첫 단체협약의 효력이 발생한 날을 기준으로 2년이 되는 날까지 그 지위를 유지한다. 

질의에서 22년초 교대노조 지위를 획득하고 첫 번째 체결한 단체협약의 효력이 발생한 날을 확인하세요.....

첫 단체협약 효력이 발생한 날 이후 2년이 경과하지 않은 상황에서 2024년도 단체협약 체결을 위한 교섭요구를 하는 경우라면 다시 교대노조 확정 절차를 밟을 필요는 없을 것 같은데요

다만, 22년초에 교대노조 결정 후 첫 단체협약(1년 단위 임금교섭)을 체결하면서 소급하여 2022.1.1.부터 그 효력을 인정한 경우라면 2022년 및 2023년이 지나면 2년의 지위유지기간이 종료되었으므로 2024년에 와서 임단협교섭을 요구하는 경우에는 당연히 교대노조 확정 절차를 거쳐야 할 것입니다."
노사협력(노사·근로),임금체불 여부,2024-07-12 08:33:24.0,실업급여 부정수급과 관련하여,2024-07-12 09:51:49.0,전창훈,"근로자와 사용자가 체불 임금 변제에 대해여 아무런 합의가 없다면 ""민법 제477조(법정변제충당)""에 따라서 이행기가 먼저 도래한 2월 급여부터 순차적으로 충당하게 되고, 합의한 바가 있다면 ""민법 제476조(지정변제충당)""에 따라 지정해서 변제도 가능합니다. 따라서 지정변제하기로 합의하였다면 2월 임금은 갚아야 할 채무입니다.

 일반적으로는 먼저 밀린 임금부터 변제하는게 상식인데(민사적으로 따지고 들면 지연이자도 발생하니깐요..), 지정해서 변제하였다면 어떠한 사정인지 확인하면 좋겠습니다.

 먼저 발생한 2월 임금을 먼저 청산하지 않고 3월, 4월 임금을 청산하였다면 아래와 같은 장단점이 있겠습니다.

 1. (단점) 먼저 발생한 체불임금 청산하지 않는다면 최종 3개월분 임금에 포함되지 않을 수 있어 대지급금 이용 등에 불이익 발생할 수도 있습니다.

 2. (장점? 악용 등) 다만, 말씀하신 실업급여 지급사유 중 임금체불이 2개월 이상 발생한 것에 해당할 수도 있습니다. 이 경우 실업급여를 받겠죠. 다만 여기서 지연지급은 임금지급일 기준이라 2월 임금으로 말씀드리면 3월 10일부터 5월 10일까지 2월 임금을 지급받지 못해야 해서 5월 11일 이후로 퇴사해야 임금체불로 인한 실업급여 지급사유 충족됩니다.

 혹시 실업급여 부정수급이 의심된다면 다음과 같이 확인해보세요.

① 해당 사업장의 고용센터 기업지원금을 받는 것이 있는지 조회 또는 확인을 해보시고(받는다면 경우에 따라서 23. 경영상해고나 26. 권고사직 상실처리될 경우 감원방지규정 때문에 지원금 환수될 수 있어서 임금체불 사유를 악용할 가능성 있음)
 또한, 외국인근로자(e-9, h-2)도 사용하는 지  확인해볼 필요가 있습니다. 외국인고용허가에서도 허가서 발급한 날 등부터 내국인근로자를 고용조정(23. 경영상해고, 26. 권고사직. 대표적인 실업급여 프리패스 사유죠)한 경우 고용허가 제한처분을 받습니다.

② 최근 고용보험 상실자 목록 조회하여 실업급여 수급자격 인정된 자들을 조회하여 ""임금체불""로 받은 분들이 있는지 확인 및 고용센터 수급자격담당자에게 제출한 임금체불확인서와 혹시 근로개선지도과에 진정서 제출한 것이 있는지 등을 상호 비교 검토

③ 퇴사한 자만 2월 임금체불이 발생했는지 아니면 2월 임금을 받을 근로자들이 모두 체불되었는지 여부 확인(퇴사자만 2월 임금 체불되고 다른 근로자들은 체불되지 않았다면 부정수급 의심됨)

④ 2월 임금을 임금 지급일인 3월 10일에 지급하지 못한 사유 확인. 경영상 어려움이 있었는지 등을 확인하기 위하여 월급을 지급하는 회사의 통장(법인 또는 사업주 개인 통장 등) 이체내역을 제출받아 조사. 2월 임금만 확인하면 되므로 대략 전년도 12월부터 확인하면 어느정도 윤곽이 나오겠습니다.

 위와 같이 조사해 볼 때 어느정도 실업급여 부정수급 혐의를 확인하실 수 있겠습니다."
노사협력(노사·근로),임금체불 여부,2024-07-12 08:33:24.0,개별 의견이므로 참고만 하세요,2024-07-12 09:11:24.0,지식인이,"근기법 제36조와 제43조는 실체적 경합관계이며, 

43조의 임금은 36조와 달리 단서조항이 없습니다. 즉, 매월 1회이상 통화로 전액을 직접 지급해야 합니다. 43조 위반

실업급여를 받게 하려는 고의적 수법에 대해서는 이해가 안되네요!!!"
노사협력(노사·근로),"최저임금에 미달하지 않지만 통상임금이 상당히 낮은 경우 (트레이너, 기본급 + 실적급)",2024-07-22 16:11:28.0,개별 의견이므로 참고만 하세요,2024-07-23 07:33:29.0,지식인이,"1. 실적급의 최저임금 산입 여부
   : 매월 1회 이상 정기적으로 지급하는 임금은 산입된다
    (대법원 판례중 자동차영업사원이 100% 판매실적급으로 임금을 지급받는 경우 이를 제외하면 최저임금법 위반 관련 불합리한 결론에 도달한다는 판례가 있었던 것으로 알고 있는데.....)

2. 최저임금과 통상임금은 그 기능과 산정방법이 다른 별개의 개념---->따라서, 야간근로가산임금은 감독관님 의견에 동의(대법원 2014다49074 판결 참조)

3. 마지막으로 연장근로가산수당은 왜 발생하는것인지는 모르겠네요
    (1일 7시간, 주35시간)

수고하세요"
공공노사(근로),신설노조의 단체교섭요구권 관련질의입니다.,2024-10-03 23:51:04.0,의견,2024-10-04 02:33:35.0,조미란,"'24. 5. 8~ 10.까지 집단노동관계쟁점사례과정에서 다룬 내용인데 당시에는 이해했다고 생각했는데

지금은 기억이 안 나네요...

- 네이버 검색 자료 첨부합니다.

수고하세요~!

..."
노사,소속 근로자 노조위원장 여부,2024-12-16 16:32:44.0,노동조합의 형태가 다양하다는 걸 인지하셔야 합니다,2024-12-16 18:02:03.0,강민,"노동조합은 특정 사업장만을 대상으로 하는 기업별 노조만 존재하는 것이 아닙니다. 위에 언급된 산업별 노동조합도 존재하고, 애초에 민주노총이나 한국노총 같은 게 특정한 사업장 소속이지는 않겠지요? 노동조합 및 노동관계조정법 제10조 - 설립 신고 내용을 확인하시기 바랍니다."
노사,퇴사 후 36조 및 43조 동시 처벌 가능 여부 문의,2025-01-04 14:39:29.0,동시 처벌 가능합니다.,2025-01-06 17:34:31.0,정동준,"근기법 제36조와 제43조는 실체적 경합이므로 각각 의율하여 처벌할 수 있습니다. 물론 체불액은 사실상 하나지만 범죄가액은 2배가 될 수밖에 없을 겁니다. 
추가로 근기법 제36조와 근퇴법 제9조(퇴직금 체불)는 법은 다르지만 검찰에서는 상상적 경합이라며 하나의 죄로 봅니다.(22년 11월에 검사들이 강의하는 교육과정 참여했을때 모든 검사들이 교육하여 준 내용입니다.). 참고하시기 바랍니다."
노사,퇴사 후 36조 및 43조 동시 처벌 가능 여부 문의,2025-01-04 14:39:29.0,의견,2025-01-05 19:34:25.0,조미란,"범죄사실이 다르므로 가능합니다...

사업주와 아주 사이가 안 좋은 사람만 위와 같이 요구를 합니다.

이전 성남지청에 있을 때 저희과 반장님께서 43조 위반 및 36조 위반 고소 사건 진행하시는 것 

본 적이 있습니다.

수고하세요~!

..."
